{"1":0.711538461538462,"2":0.826923076923077,"3":0.538461538461539,"4":1,"5":0.711538461538462,"6":0.826923076923077,"7":0.538461538461539,"8":0.653846153846154,"9":0.480769230769231,"10":0.423076923076923,"11":0.25,"12":0.653846153846154,"13":0.307692307692308,"14":0.307692307692308,"15":1,"16":0.538461538461539,"17":0.365384615384615,"18":0.653846153846154,"19":0.596153846153846,"20":0.769230769230769,"21":0.826923076923077,"22":0.538461538461539,"23":0.480769230769231,"24":0.653846153846154,"25":0.653846153846154,"26":0.826923076923077,"27":0.769230769230769,"28":0.711538461538462,"29":0.884615384615385,"30":0.480769230769231,"31":0.653846153846154,"32":0.653846153846154,"33":0.769230769230769,"34":0.884615384615385,"35":1,"36":0.711538461538462,"37":0.884615384615385,"38":0.711538461538462,"39":0.480769230769231,"40":0.942307692307692,"41":0.596153846153846,"42":0.653846153846154,"43":0.653846153846154,"44":0.884615384615385,"45":0.769230769230769,"46":0.769230769230769,"47":0.826923076923077,"48":0.596153846153846,"49":0.711538461538462}
